{
  "name": "webcomponentsjs",
  "main": "webcomponents.js",
  "version": "0.7.14",
  "homepage": "http://webcomponents.org",
  "authors": [
    "The Polymer Authors"
  ],
  "repository": {
    "type": "git",
    "url": "https://github.com/webcomponents/webcomponentsjs.git"
  },
  "keywords": [
    "webcomponents"
  ],
  "license": "BSD",
  "ignore": [],
  "_release": "0.7.14",
  "_resolution": {
    "type": "version",
    "tag": "v0.7.14",
    "commit": "48194e673b7a0a8810b32320e0444b512e5a7557"
  },
  "_source": "git://github.com/Polymer/webcomponentsjs.git",
  "_target": "^0.7.2",
  "_originalSource": "webcomponentsjs"
}