{
  "name": "iron-flex-layout",
  "version": "1.0.4",
  "description": "Provide flexbox-based layouts",
  "keywords": [
    "web-components",
    "polymer",
    "layout"
  ],
  "main": "iron-flex-layout.html",
  "private": true,
  "license": "http://polymer.github.io/LICENSE.txt",
  "authors": [
    "The Polymer Authors"
  ],
  "repository": {
    "type": "git",
    "url": "git://github.com/PolymerElements/iron-flex-layout.git"
  },
  "dependencies": {
    "polymer": "Polymer/polymer#^1.0.0"
  },
  "devDependencies": {
    "paper-styles": "polymerelements/paper-styles#^1.0.0",
    "webcomponentsjs": "webcomponents/webcomponentsjs#^0.7.0",
    "iron-component-page": "polymerelements/iron-component-page#^1.0.0"
  },
  "homepage": "https://github.com/polymerelements/iron-flex-layout",
  "_release": "1.0.4",
  "_resolution": {
    "type": "version",
    "tag": "v1.0.4",
    "commit": "dcfc54b0d358269bf0c72180b4ab090fc4931ecd"
  },
  "_source": "git://github.com/polymerelements/iron-flex-layout.git",
  "_target": "^1.0.0",
  "_originalSource": "polymerelements/iron-flex-layout"
}